Date,Game #,Game Type,Player, Net 
4/13/2026,1,PLO,Hiro," $ 3,020.75 "
4/13/2026,1,PLO,Rach," $ 1,830.92 "
4/13/2026,1,PLO,Andrew," $ 1,389.52 "
4/13/2026,1,PLO,Ena, $ 885.02 
4/13/2026,1,PLO,Neal, $ (250.00)
4/13/2026,1,PLO,GB, $ (400.00)
4/13/2026,1,PLO,Shiv, $ (500.00)
4/13/2026,1,PLO,Egg," $ (1,200.00)"
4/13/2026,1,PLO,Lucki," $ (1,776.21)"
4/13/2026,1,PLO,SamC," $ (3,000.00)"
4/13/2026,2,PLO,Rach, $ 378.06 
4/13/2026,2,PLO,Andrew, $ 341.77 
4/13/2026,2,PLO,Young, $ 256.85 
4/13/2026,2,PLO,Jesse, $ 249.49 
4/13/2026,2,PLO,GB, $ 225.40 
4/13/2026,2,PLO,Elaine, $ 197.58 
4/13/2026,2,PLO,JJ, $ 114.62 
4/13/2026,2,PLO,Ww, $ 63.18 
4/13/2026,2,PLO,Ena, $ (100.00)
4/13/2026,2,PLO,Sanjay, $ (200.00)
4/13/2026,2,PLO,Uz, $ (200.00)
4/13/2026,2,PLO,bigslickenergy, $ (326.95)
4/13/2026,2,PLO,Tarek," $ (1,000.00)"
4/14/2026,3,NL,YN," $ 1,005.60 "
4/14/2026,3,NL,Hiro, $ 899.68 
4/14/2026,3,NL,Hu, $ 675.02 
4/14/2026,3,NL,Ww, $ 446.83 
4/14/2026,3,NL,Rach, $ 384.50 
4/14/2026,3,NL,Draco, $ 373.69 
4/14/2026,3,NL,Egg, $ 218.73 
4/14/2026,3,NL,Young, $ 186.29 
4/14/2026,3,NL,AHH, $ 85.08 
4/14/2026,3,NL,Will X, $ 46.18 
4/14/2026,3,NL,Jamie, $ 32.20 
4/14/2026,3,NL,JZ, $ (3.40)
4/14/2026,3,NL,Arjun, $ (5.61)
4/14/2026,3,NL,Zheng, $ (20.27)
4/14/2026,3,NL,Saswoot, $ (67.00)
4/14/2026,3,NL,Shaun, $ (108.54)
4/14/2026,3,NL,Sanjay, $ (154.82)
4/14/2026,3,NL,Uz, $ (170.00)
4/14/2026,3,NL,Shiv, $ (180.70)
4/14/2026,3,NL,Albert, $ (200.00)
4/14/2026,3,NL,Ena, $ (200.69)
4/14/2026,3,NL,Tarek, $ (250.00)
4/14/2026,3,NL,JH, $ (300.00)
4/14/2026,3,NL,JL, $ (447.26)
4/14/2026,3,NL,GB, $ (499.25)
4/14/2026,3,NL,Mc," $ (1,746.26)"
4/14/2026,4,PLO,Andrew," $ 1,241.22 "
4/14/2026,4,PLO,Hiro, $ 733.50 
4/14/2026,4,PLO,Ena, $ 517.90 
4/14/2026,4,PLO,Tarek, $ 201.75 
4/14/2026,4,PLO,SamC, $ 160.50 
4/14/2026,4,PLO,GB, $ 108.50 
4/14/2026,4,PLO,YN, $ 89.50 
4/14/2026,4,PLO,Egg, $ 9.00 
4/14/2026,4,PLO,Mikul, $ (44.50)
4/14/2026,4,PLO,PaulB, $ (200.00)
4/14/2026,4,PLO,JJ, $ (293.50)
4/14/2026,4,PLO,Jesse, $ (400.00)
4/14/2026,4,PLO,Zheng, $ (500.00)
4/14/2026,4,PLO,Shaun, $ (723.87)
4/14/2026,4,PLO,Rach, $ (900.00)
4/15/2026,5,NL,Zheng, $ 818.54 
4/15/2026,5,NL,Young, $ 524.95 
4/15/2026,5,NL,Tarek, $ 327.51 
4/15/2026,5,NL,Arjun, $ 236.24 
4/15/2026,5,NL,Draco, $ 230.62 
4/15/2026,5,NL,Hu, $ 213.95 
4/15/2026,5,NL,SamC, $ 207.50 
4/15/2026,5,NL,AHH, $ 189.37 
4/15/2026,5,NL,JZ, $ 162.94 
4/15/2026,5,NL,Mc, $ 113.61 
4/15/2026,5,NL,Will X, $ 94.06 
4/15/2026,5,NL,GB, $ 88.41 
4/15/2026,5,NL,bigslickenergy, $ 37.86 
4/15/2026,5,NL,Egg, $ 26.02 
4/15/2026,5,NL,Shiv, $ 16.87 
4/15/2026,5,NL,Shaun, $ 11.00 
4/15/2026,5,NL,Rach, $ (55.00)
4/15/2026,5,NL,Saswoot, $ (57.11)
4/15/2026,5,NL,Akshay, $ (100.00)
4/15/2026,5,NL,Uz, $ (108.78)
4/15/2026,5,NL,RichardZ, $ (205.79)
4/15/2026,5,NL,Ww, $ (397.81)
4/15/2026,5,NL,Sanjay, $ (400.00)
4/15/2026,5,NL,Jamie, $ (400.00)
4/15/2026,5,NL,YN, $ (506.97)
4/15/2026,5,NL,Ena, $ (511.49)
4/15/2026,5,NL,Elaine, $ (556.50)
4/15/2026,6,PLO,Andrew, $ 11.00 
4/15/2026,6,PLO,Ena, $ (11.00)
4/15/2026,7,PLO,Rach, $ 315.00 
4/15/2026,7,PLO,Young, $ 304.50 
4/15/2026,7,PLO,bigslickenergy, $ 22.75 
4/15/2026,7,PLO,Egg, $ (143.75)
4/15/2026,7,PLO,Ww, $ (498.50)
4/16/2026,8,NL,Hu, $ 663.39 
4/16/2026,8,NL,Saswoot, $ 456.51 
4/16/2026,8,NL,Zheng, $ 373.62 
4/16/2026,8,NL,GB, $ 282.62 
4/16/2026,8,NL,JZ, $ 210.05 
4/16/2026,8,NL,RichardZ, $ 135.42 
4/16/2026,8,NL,Shiv, $ 127.12 
4/16/2026,8,NL,bigslickenergy, $ 93.08 
4/16/2026,8,NL,Young, $ 70.44 
4/16/2026,8,NL,Mike Re, $ 21.75 
4/16/2026,8,NL,Draco, $ 3.50 
4/16/2026,8,NL,Andrew, $ (48.50)
4/16/2026,8,NL,Jamie, $ (100.00)
4/16/2026,8,NL,Elaine, $ (151.12)
4/16/2026,8,NL,Ena, $ (157.73)
4/16/2026,8,NL,SamC, $ (160.75)
4/16/2026,8,NL,Ww, $ (685.01)
4/16/2026,8,NL,Rach," $ (1,134.39)"
4/16/2026,9,PLO,Andrew," $ 2,801.56 "
4/16/2026,9,PLO,Egg," $ 1,289.13 "
4/16/2026,9,PLO,Young, $ 406.00 
4/16/2026,9,PLO,YN, $ 285.00 
4/16/2026,9,PLO,Sanjay, $ 247.50 
4/16/2026,9,PLO,Ena, $ 162.23 
4/16/2026,9,PLO,SamC, $ 84.89 
4/16/2026,9,PLO,Shaun, $ (59.99)
4/16/2026,9,PLO,AHH, $ (668.57)
4/16/2026,9,PLO,Hiro, $ (682.75)
4/16/2026,9,PLO,Ww, $ (815.00)
4/16/2026,9,PLO,Shiv," $ (1,500.00)"
4/16/2026,9,PLO,Rach," $ (1,550.00)"
4/16/2026,10,PLO,Egg, $ 232.40 
4/16/2026,10,PLO,bigslickenergy, $ 152.49 
4/16/2026,10,PLO,Ena, $ (39.86)
4/16/2026,10,PLO,SamZ, $ (42.80)
4/16/2026,10,PLO,Ww, $ (83.98)
4/16/2026,10,PLO,Young, $ (218.25)
4/17/2026,11,NL,GB, $ 526.15 
4/17/2026,11,NL,Young, $ 488.82 
4/17/2026,11,NL,Hu, $ 276.43 
4/17/2026,11,NL,bigslickenergy, $ 227.56 
4/17/2026,11,NL,Rach, $ 139.00 
4/17/2026,11,NL,YN, $ 37.12 
4/17/2026,11,NL,HY, $ 11.16 
4/17/2026,11,NL,Mc, $ 10.99 
4/17/2026,11,NL,JZ, $ 6.70 
4/17/2026,11,NL,Zheng, $ (46.75)
4/17/2026,11,NL,Ena, $ (107.48)
4/17/2026,11,NL,Sanjay, $ (200.00)
4/17/2026,11,NL,Draco, $ (200.00)
4/17/2026,11,NL,SamC, $ (300.00)
4/17/2026,11,NL,Tarek, $ (301.75)
4/17/2026,11,NL,Shiv, $ (567.95)
4/17/2026,12,PLO,Hu, $ 184.76 
4/17/2026,12,PLO,Zheng, $ 154.71 
4/17/2026,12,PLO,Ww, $ 66.81 
4/17/2026,12,PLO,bigslickenergy, $ 55.48 
4/17/2026,12,PLO,SamC, $ 35.06 
4/17/2026,12,PLO,Egg, $ (23.57)
4/17/2026,12,PLO,GB, $ (27.52)
4/17/2026,12,PLO,Ena, $ (79.01)
4/17/2026,12,PLO,JZ, $ (84.18)
4/17/2026,12,PLO,Young, $ (282.54)
4/17/2026,13,PLO,Andrew," $ 2,336.76 "
4/17/2026,13,PLO,Hiro," $ 2,277.75 "
4/17/2026,13,PLO,Tarek," $ 1,598.88 "
4/17/2026,13,PLO,Egg," $ 1,573.49 "
4/17/2026,13,PLO,PaulB," $ 1,048.00 "
4/17/2026,13,PLO,Lucki, $ 497.37 
4/17/2026,13,PLO,YN, $ 422.63 
4/17/2026,13,PLO,Shiv, $ 372.50 
4/17/2026,13,PLO,Ena, $ 249.75 
4/17/2026,13,PLO,JJ, $ 201.50 
4/17/2026,13,PLO,Hu, $ 115.50 
4/17/2026,13,PLO,KQ, $ 2.25 
4/17/2026,13,PLO,Ww, $ (9.79)
4/17/2026,13,PLO,Mikul, $ (140.00)
4/17/2026,13,PLO,AHH," $ (1,378.75)"
4/17/2026,13,PLO,Sanjay," $ (1,450.00)"
4/17/2026,13,PLO,Rach," $ (1,873.51)"
4/17/2026,13,PLO,RichardZ," $ (2,844.33)"
4/17/2026,13,PLO,SamC," $ (3,000.00)"
4/18/2026,14,NL,JZ, $ 268.00 
4/18/2026,14,NL,Young, $ 80.75 
4/18/2026,14,NL,Shiv, $ 33.36 
4/18/2026,14,NL,HY, $ 18.23 
4/18/2026,14,NL,bigslickenergy, $ 8.50 
4/18/2026,14,NL,GB, $ (3.44)
4/18/2026,14,NL,Heezy, $ (100.00)
4/18/2026,14,NL,Rach, $ (150.00)
4/18/2026,14,NL,Uz, $ (155.40)
4/18/2026,15,PLO,Uz, $ 629.13 
4/18/2026,15,PLO,Young, $ 153.13 
4/18/2026,15,PLO,bigslickenergy, $ 86.36 
4/18/2026,15,PLO,JJ, $ 28.63 
4/18/2026,15,PLO,Ww, $ 0.03 
4/18/2026,15,PLO,JZ, $ (66.51)
4/18/2026,15,PLO,SamC, $ (150.00)
4/18/2026,15,PLO,Colin, $ (180.77)
4/18/2026,15,PLO,Shiv, $ (200.00)
4/18/2026,15,PLO,Egg, $ (300.00)
4/18/2026,16,PLO,Andrew," $ 1,467.39 "
4/18/2026,16,PLO,YN," $ 1,079.50 "
4/18/2026,16,PLO,Egg," $ 1,037.24 "
4/18/2026,16,PLO,Colin, $ 891.10 
4/18/2026,16,PLO,RichardZ, $ 647.69 
4/18/2026,16,PLO,KQ, $ 610.38 
4/18/2026,16,PLO,Ww, $ 400.85 
4/18/2026,16,PLO,Shiv, $ 368.50 
4/18/2026,16,PLO,PaulB, $ 324.86 
4/18/2026,16,PLO,Mikul, $ 281.62 
4/18/2026,16,PLO,Ena, $ 278.37 
4/18/2026,16,PLO,SamC, $ 163.00 
4/18/2026,16,PLO,Sanjay, $ (300.00)
4/18/2026,16,PLO,SamZ, $ (500.00)
4/18/2026,16,PLO,Rach, $ (636.50)
4/18/2026,16,PLO,AHH," $ (1,114.00)"
4/18/2026,16,PLO,Hiro," $ (5,000.00)"
4/19/2026,17,PLO,Ww, $ 189.50 
4/19/2026,17,PLO,Rach, $ 2.50 
4/19/2026,17,PLO,Young, $ (18.76)
4/19/2026,17,PLO,bigslickenergy, $ (173.24)
4/19/2026,18,PLO,Andrew," $ 3,186.14 "
4/19/2026,18,PLO,Elaine, $ 870.75 
4/19/2026,18,PLO,Egg, $ 525.66 
4/19/2026,18,PLO,Zheng, $ 293.50 
4/19/2026,18,PLO,YN, $ 246.50 
4/19/2026,18,PLO,Mikul, $ 68.50 
4/19/2026,18,PLO,Hu, $ 66.50 
4/19/2026,18,PLO,KQ, $ 25.00 
4/19/2026,18,PLO,Tarek, $ 7.00 
4/19/2026,18,PLO,Shiv, $ (231.04)
4/19/2026,18,PLO,SamC, $ (311.76)
4/19/2026,18,PLO,Lucki, $ (600.00)
4/19/2026,18,PLO,Colin, $ (600.00)
4/19/2026,18,PLO,Hiro," $ (3,546.75)"
4/19/2026,19,NL,Arjun, $ 200.82 
4/19/2026,19,NL,Saswoot, $ 188.49 
4/19/2026,19,NL,JH, $ 102.47 
4/19/2026,19,NL,HY, $ 89.81 
4/19/2026,19,NL,Jamie, $ 86.46 
4/19/2026,19,NL,bigslickenergy, $ 85.46 
4/19/2026,19,NL,Colin, $ 25.59 
4/19/2026,19,NL,Shiv, $ 22.37 
4/19/2026,19,NL,Young, $ (122.65)
4/19/2026,19,NL,GB, $ (200.12)
4/19/2026,19,NL,Rach, $ (225.00)
4/19/2026,19,NL,Uz, $ (253.70)
4/20/2026,20,PLO,Zheng, $ 184.50 
4/20/2026,20,PLO,SamC, $ 141.00 
4/20/2026,20,PLO,Jesse, $ 99.75 
4/20/2026,20,PLO,Sanjay, $ 80.50 
4/20/2026,20,PLO,Young, $ 60.12 
4/20/2026,20,PLO,bigslickenergy, $ 48.80 
4/20/2026,20,PLO,Mikul, $ 15.00 
4/20/2026,20,PLO,YN, $ 12.50 
4/20/2026,20,PLO,Lucki, $ 12.38 
4/20/2026,20,PLO,Shiv, $ 2.50 
4/20/2026,20,PLO,Ww, $ (46.73)
4/20/2026,20,PLO,JJ, $ (76.10)
4/20/2026,20,PLO,Colin, $ (104.96)
4/20/2026,20,PLO,Andrew, $ (196.76)
4/20/2026,20,PLO,Rach, $ (232.50)
4/20/2026,21,PLO,Andrew," $ 4,374.81 "
4/20/2026,21,PLO,Ww, $ 681.75 
4/20/2026,21,PLO,Young, $ 588.34 
4/20/2026,21,PLO,Zheng, $ 332.59 
4/20/2026,21,PLO,AHH, $ 302.00 
4/20/2026,21,PLO,Neal, $ 99.00 
4/20/2026,21,PLO,Egg, $ 50.58 
4/20/2026,21,PLO,SamC, $ 30.00 
4/20/2026,21,PLO,Albert, $ - 
4/20/2026,21,PLO,Mikul, $ (280.00)
4/20/2026,21,PLO,Rach, $ (340.16)
4/20/2026,21,PLO,YN, $ (800.00)
4/20/2026,21,PLO,KQ, $ (813.17)
4/20/2026,21,PLO,Lucki," $ (1,125.74)"
4/20/2026,21,PLO,Shiv," $ (1,400.00)"
4/20/2026,21,PLO,Tarek," $ (1,700.00)"
4/20/2026,22,NL,Jamie, $ 177.88 
4/20/2026,22,NL,RichardG, $ 151.95 
4/20/2026,22,NL,AHH, $ 131.00 
4/20/2026,22,NL,Arjun, $ 100.13 
4/20/2026,22,NL,Elaine, $ 75.00 
4/20/2026,22,NL,bigslickenergy, $ 52.87 
4/20/2026,22,NL,Colin, $ 47.25 
4/20/2026,22,NL,YN, $ 41.00 
4/20/2026,22,NL,Sanjay, $ 24.00 
4/20/2026,22,NL,JH, $ 8.93 
4/20/2026,22,NL,GB, $ 3.26 
4/20/2026,22,NL,JJ, $ (35.77)
4/20/2026,22,NL,Uz, $ (206.46)
4/20/2026,22,NL,Saswoot, $ (280.54)
4/20/2026,22,NL,Ww, $ (290.50)
4/21/2026,23,NL,Rach, $ 331.14 
4/21/2026,23,NL,Young, $ 163.36 
4/21/2026,23,NL,RichardZ, $ 10.00 
4/21/2026,23,NL,HY, $ - 
4/21/2026,23,NL,Ww, $ (61.69)
4/21/2026,23,NL,Mikul, $ (75.06)
4/21/2026,23,NL,Zheng, $ (367.75)
4/21/2026,24,PLO,Neal, $ 218.75 
4/21/2026,24,PLO,Young, $ 175.86 
4/21/2026,24,PLO,bigslickenergy, $ 72.00 
4/21/2026,24,PLO,Mc, $ 58.75 
4/21/2026,24,PLO,Sanjay, $ 34.75 
4/21/2026,24,PLO,Ww, $ (45.86)
4/21/2026,24,PLO,Zheng, $ (100.00)
4/21/2026,24,PLO,SamC, $ (414.25)
4/21/2026,25,PLO,Egg, $ 515.00 
4/21/2026,25,PLO,SamC, $ 366.34 
4/21/2026,25,PLO,Will X, $ 253.50 
4/21/2026,25,PLO,Young, $ 251.24 
4/21/2026,25,PLO,Rach, $ 191.00 
4/21/2026,25,PLO,Ena, $ 71.24 
4/21/2026,25,PLO,Sanjay, $ 66.75 
4/21/2026,25,PLO,YN, $ 18.00 
4/21/2026,25,PLO,Mikul, $ 3.58 
4/21/2026,25,PLO,Hu, $ (38.00)
4/21/2026,25,PLO,AHH, $ (315.59)
4/21/2026,25,PLO,Tarek, $ (400.00)
4/21/2026,25,PLO,Andrew, $ (402.94)
4/21/2026,25,PLO,Ww, $ (580.12)
4/21/2026,26,NL,GB, $ 371.53 
4/21/2026,26,NL,Rach, $ 227.13 
4/21/2026,26,NL,SamC, $ 117.75 
4/21/2026,26,NL,Jesse, $ 101.34 
4/21/2026,26,NL,RichardG, $ 94.98 
4/21/2026,26,NL,Heezy, $ 80.61 
4/21/2026,26,NL,Elaine, $ 74.56 
4/21/2026,26,NL,Egg, $ 71.82 
4/21/2026,26,NL,YN, $ 60.75 
4/21/2026,26,NL,SamZ, $ 43.81 
4/21/2026,26,NL,Tarek, $ 40.16 
4/21/2026,26,NL,HY, $ 17.24 
4/21/2026,26,NL,Andrew, $ 16.15 
4/21/2026,26,NL,Uz, $ 11.92 
4/21/2026,26,NL,Hu, $ 8.00 
4/21/2026,26,NL,Sanjay, $ (98.19)
4/21/2026,26,NL,Jamie, $ (103.50)
4/21/2026,26,NL,Colin, $ (132.29)
4/21/2026,26,NL,JH, $ (157.23)
4/21/2026,26,NL,Arjun, $ (200.00)
4/21/2026,26,NL,Will X, $ (206.82)
4/21/2026,26,NL,Saswoot, $ (211.32)
4/21/2026,26,NL,AHH, $ (228.40)
4/22/2026,27,PLO,Young, $ 264.14 
4/22/2026,27,PLO,Egg, $ 125.50 
4/22/2026,27,PLO,Alai, $ 115.00 
4/22/2026,27,PLO,SamC, $ 41.69 
4/22/2026,27,PLO,bigslickenergy, $ 24.99 
4/22/2026,27,PLO,Ww, $ 12.83 
4/22/2026,27,PLO,Sanjay, $ (9.50)
4/22/2026,27,PLO,Sasha, $ (200.00)
4/22/2026,27,PLO,Ena, $ (374.65)
4/22/2026,28,PLO,Andrew," $ 1,038.81 "
4/22/2026,28,PLO,PaulB, $ 925.76 
4/22/2026,28,PLO,Egg, $ 871.02 
4/22/2026,28,PLO,AHH, $ 771.25 
4/22/2026,28,PLO,Ena, $ 625.00 
4/22/2026,28,PLO,Mc, $ 624.50 
4/22/2026,28,PLO,SamC, $ 587.00 
4/22/2026,28,PLO,Rach, $ 530.66 
4/22/2026,28,PLO,Ww, $ 508.61 
4/22/2026,28,PLO,RichardZ, $ 390.92 
4/22/2026,28,PLO,Lucki, $ 262.16 
4/22/2026,28,PLO,YN, $ 144.00 
4/22/2026,28,PLO,Hu, $ 140.00 
4/22/2026,28,PLO,Colin, $ 28.00 
4/22/2026,28,PLO,Sanjay, $ (75.00)
4/22/2026,28,PLO,Zheng, $ (105.25)
4/22/2026,28,PLO,Shiv, $ (400.00)
4/22/2026,28,PLO,Sasha, $ (800.00)
4/22/2026,28,PLO,Young, $ (899.25)
4/22/2026,28,PLO,Mikul, $ (910.00)
4/22/2026,28,PLO,bigslickenergy," $ (1,008.19)"
4/22/2026,28,PLO,Tarek," $ (1,250.00)"
4/22/2026,28,PLO,Elaine," $ (2,000.00)"
4/22/2026,29,NL,Will X, $ 309.75 
4/22/2026,29,NL,Akshay, $ 164.79 
4/22/2026,29,NL,Ww, $ 161.28 
4/22/2026,29,NL,Jamie, $ 27.71 
4/22/2026,29,NL,bigslickenergy, $ 8.30 
4/22/2026,29,NL,RichardG, $ (84.01)
4/22/2026,29,NL,GB, $ (86.92)
4/22/2026,29,NL,Rach, $ (127.82)
4/22/2026,29,NL,Saswoot, $ (128.00)
4/22/2026,29,NL,Sanjay, $ (245.08)
4/23/2026,30,NL,YN," $ 1,903.37 "
4/23/2026,30,NL,Ww," $ 1,667.40 "
4/23/2026,30,NL,Young, $ 865.37 
4/23/2026,30,NL,JZ, $ 649.87 
4/23/2026,30,NL,Zheng, $ 576.25 
4/23/2026,30,NL,Egg, $ 345.87 
4/23/2026,30,NL,Mc, $ 307.06 
4/23/2026,30,NL,Sanjay, $ 299.00 
4/23/2026,30,NL,Rach, $ 279.88 
4/23/2026,30,NL,Hu, $ 246.00 
4/23/2026,30,NL,RichardZ, $ 51.75 
4/23/2026,30,NL,Jamie, $ (120.00)
4/23/2026,30,NL,AHH, $ (121.50)
4/23/2026,30,NL,RichardG, $ (191.25)
4/23/2026,30,NL,Simon Chen, $ (200.00)
4/23/2026,30,NL,JH, $ (251.50)
4/23/2026,30,NL,Uz, $ (509.50)
4/23/2026,30,NL,Shaun, $ (513.26)
4/23/2026,30,NL,Shiv," $ (1,000.00)"
4/23/2026,30,NL,bigslickenergy," $ (1,957.81)"
4/23/2026,30,NL,SamC," $ (2,327.00)"
4/23/2026,31,PLO,Rach, $ 523.25 
4/23/2026,31,PLO,Zheng, $ 225.25 
4/23/2026,31,PLO,Andrew, $ 167.50 
4/23/2026,31,PLO,Shaun, $ 101.50 
4/23/2026,31,PLO,Neal, $ 70.38 
4/23/2026,31,PLO,Egg, $ (48.50)
4/23/2026,31,PLO,Alai, $ (55.13)
4/23/2026,31,PLO,YN, $ (64.50)
4/23/2026,31,PLO,Ena, $ (112.75)
4/23/2026,31,PLO,Young, $ (207.00)
4/23/2026,31,PLO,Bingo Brian, $ (600.00)
4/23/2026,32,NL,Rach, $ 394.83 
4/23/2026,32,NL,Saswoot, $ 244.17 
4/23/2026,32,NL,JZ, $ - 
4/23/2026,32,NL,Jamie, $ (40.25)
4/23/2026,32,NL,Young, $ (42.87)
4/23/2026,32,NL,Will X, $ (72.99)
4/23/2026,32,NL,Ww, $ (77.00)
4/23/2026,32,NL,Bingo Brian, $ (100.00)
4/23/2026,32,NL,GB, $ (105.89)
4/23/2026,32,NL,SamZ, $ (200.00)
4/24/2026,33,NL,JZ," $ 1,518.63 "
4/24/2026,33,NL,Zheng," $ 1,132.48 "
4/24/2026,33,NL,YN," $ 1,094.88 "
4/24/2026,33,NL,Young, $ 615.58 
4/24/2026,33,NL,Shiv, $ 392.00 
4/24/2026,33,NL,PaulB, $ 173.16 
4/24/2026,33,NL,Hiro, $ 147.36 
4/24/2026,33,NL,Ww, $ 54.90 
4/24/2026,33,NL,Lucki, $ 40.00 
4/24/2026,33,NL,Jonny, $ 27.50 
4/24/2026,33,NL,Sanjay, $ (101.00)
4/24/2026,33,NL,Saswoot, $ (112.50)
4/24/2026,33,NL,SamC, $ (272.00)
4/24/2026,33,NL,Shaun, $ (349.13)
4/24/2026,33,NL,Andrew, $ (437.14)
4/24/2026,33,NL,AHH, $ (490.00)
4/24/2026,33,NL,Hu, $ (640.00)
4/24/2026,33,NL,Rach, $ (739.72)
4/24/2026,33,NL,Egg, $ (991.00)
4/24/2026,33,NL,Bingo Brian," $ (1,064.00)"
4/24/2026,34,PLO,Andrew," $ 3,945.46 "
4/24/2026,34,PLO,PaulB, $ 273.51 
4/24/2026,34,PLO,Ww, $ 202.38 
4/24/2026,34,PLO,Bingo Brian, $ 134.37 
4/24/2026,34,PLO,SamZ, $ 124.37 
4/24/2026,34,PLO,Shiv, $ 104.25 
4/24/2026,34,PLO,YN, $ 37.50 
4/24/2026,34,PLO,Hu, $ (1.00)
4/24/2026,34,PLO,Sanjay, $ (100.00)
4/24/2026,34,PLO,Neal, $ (139.21)
4/24/2026,34,PLO,Young, $ (300.00)
4/24/2026,34,PLO,Rach, $ (360.00)
4/24/2026,34,PLO,Ena, $ (370.88)
4/24/2026,34,PLO,Hiro, $ (433.25)
4/24/2026,34,PLO,SamC, $ (617.50)
4/24/2026,34,PLO,Egg," $ (1,000.00)"
4/24/2026,34,PLO,AHH," $ (1,500.00)"
4/24/2026,35,NL,Ww, $ 157.11 
4/24/2026,35,NL,Akshay, $ 120.88 
4/24/2026,35,NL,Uz, $ 118.95 
4/24/2026,35,NL,JZ, $ 86.35 
4/24/2026,35,NL,Mc, $ 53.49 
4/24/2026,35,NL,Will X, $ 37.17 
4/24/2026,35,NL,Saswoot, $ 13.75 
4/24/2026,35,NL,Young, $ 8.78 
4/24/2026,35,NL,Bingo Brian, $ (54.61)
4/24/2026,35,NL,SamZ, $ (100.00)
4/24/2026,35,NL,Heezy, $ (100.00)
4/24/2026,35,NL,Rach, $ (141.87)
4/24/2026,35,NL,Sanjay, $ (200.00)
4/25/2026,36,NL,Rach, $ 580.41 
4/25/2026,36,NL,Ww, $ 470.00 
4/25/2026,36,NL,Young, $ 350.00 
4/25/2026,36,NL,JZ, $ 185.38 
4/25/2026,36,NL,Mc, $ 55.75 
4/25/2026,36,NL,Bingo Brian, $ 34.25 
4/25/2026,36,NL,Lucki, $ 26.74 
4/25/2026,36,NL,Neal, $ (31.77)
4/25/2026,36,NL,Andrew, $ (72.75)
4/25/2026,36,NL,Alai, $ (350.26)
4/25/2026,36,NL,Shaun, $ (400.00)
4/25/2026,36,NL,SamC, $ (847.75)
4/26/2026,37,PLO,Hiro," $ 4,211.43 "
4/26/2026,37,PLO,Young, $ 869.35 
4/26/2026,37,PLO,Andrew, $ 328.11 
4/26/2026,37,PLO,YN, $ 187.44 
4/26/2026,37,PLO,RichardZ, $ 152.69 
4/26/2026,37,PLO,Hu, $ 132.00 
4/26/2026,37,PLO,Egg, $ 124.29 
4/26/2026,37,PLO,JZ, $ 109.10 
4/26/2026,37,PLO,GB, $ 38.00 
4/26/2026,37,PLO,SamC, $ 1.25 
4/26/2026,37,PLO,Neal, $ (53.25)
4/26/2026,37,PLO,Lucki, $ (216.87)
4/26/2026,37,PLO,Zheng, $ (268.00)
4/26/2026,37,PLO,Tarek, $ (350.24)
4/26/2026,37,PLO,JJ, $ (400.00)
4/26/2026,37,PLO,Rach, $ (650.00)
4/26/2026,37,PLO,Ena," $ (1,000.00)"
4/26/2026,37,PLO,Colin," $ (1,266.54)"
4/26/2026,37,PLO,PaulB," $ (1,948.76)"
4/26/2026,38,NL,YN, $ 669.88 
4/26/2026,38,NL,Hiro, $ 381.62 
4/26/2026,38,NL,Lucki, $ 303.25 
4/26/2026,38,NL,JZ, $ 270.30 
4/26/2026,38,NL,Sanjay, $ 251.47 
4/26/2026,38,NL,Bingo Brian, $ 144.50 
4/26/2026,38,NL,GB, $ 114.50 
4/26/2026,38,NL,Ww, $ 84.12 
4/26/2026,38,NL,Rach, $ (100.00)
4/26/2026,38,NL,Arjun, $ (175.50)
4/26/2026,38,NL,Shiv, $ (200.00)
4/26/2026,38,NL,Uz, $ (457.63)
4/26/2026,38,NL,Young," $ (1,286.51)"
4/27/2026,39,NL,Young," $ 1,718.24 "
4/27/2026,39,NL,Hiro, $ 978.14 
4/27/2026,39,NL,Sherry, $ 724.67 
4/27/2026,39,NL,Ww, $ 653.88 
4/27/2026,39,NL,Mc, $ 502.25 
4/27/2026,39,NL,Rach, $ 311.13 
4/27/2026,39,NL,YN, $ 285.05 
4/27/2026,39,NL,SamC, $ 189.25 
4/27/2026,39,NL,RichardZ, $ 186.00 
4/27/2026,39,NL,Mikul, $ 138.99 
4/27/2026,39,NL,JZ, $ 104.31 
4/27/2026,39,NL,Saswoot, $ 99.87 
4/27/2026,39,NL,Ena, $ 56.31 
4/27/2026,39,NL,Shiv, $ 49.25 
4/27/2026,39,NL,Tarek, $ 39.39 
4/27/2026,39,NL,Draco, $ 26.00 
4/27/2026,39,NL,JH, $ 0.25 
4/27/2026,39,NL,Hu, $ - 
4/27/2026,39,NL,Sanjay, $ (145.75)
4/27/2026,39,NL,GB, $ (254.74)
4/27/2026,39,NL,Zheng, $ (500.00)
4/27/2026,39,NL,Colin, $ (525.54)
4/27/2026,39,NL,Egg, $ (611.49)
4/27/2026,39,NL,Griffin, $ (635.27)
4/27/2026,39,NL,Andrew, $ (970.45)
4/27/2026,39,NL,Shaun," $ (1,195.25)"
4/27/2026,39,NL,Bingo Brian," $ (1,224.49)"
4/27/2026,40,PLO,Andrew," $ 1,580.79 "
4/27/2026,40,PLO,Rach, $ 819.89 
4/27/2026,40,PLO,Ww, $ 616.84 
4/27/2026,40,PLO,Sanjay, $ 275.50 
4/27/2026,40,PLO,Hu, $ 160.00 
4/27/2026,40,PLO,JZ, $ 141.53 
4/27/2026,40,PLO,Egg, $ 50.00 
4/27/2026,40,PLO,SamC, $ 23.25 
4/27/2026,40,PLO,Colin, $ (150.00)
4/27/2026,40,PLO,Young, $ (297.12)
4/27/2026,40,PLO,Ena, $ (338.32)
4/27/2026,40,PLO,Tarek, $ (601.50)
4/27/2026,40,PLO,Shaun, $ (805.25)
4/27/2026,40,PLO,Hiro," $ (1,475.61)"
4/27/2026,41,PLO,Andrew, $ 508.10 
4/27/2026,41,PLO,Hiro, $ 419.12 
4/27/2026,41,PLO,Ww, $ 353.88 
4/27/2026,41,PLO,Colin, $ 58.43 
4/27/2026,41,PLO,GB, $ 0.71 
4/27/2026,41,PLO,Shaun, $ (178.28)
4/27/2026,41,PLO,Ena, $ (578.21)
4/27/2026,41,PLO,Egg, $ (583.75)
4/27/2026,42,PLO,Hiro, $ 407.75 
4/27/2026,42,PLO,Ena, $ 181.25 
4/27/2026,42,PLO,Egg, $ 88.00 
4/27/2026,42,PLO,Hu, $ 24.00 
4/27/2026,42,PLO,Andrew, $ (29.50)
4/27/2026,42,PLO,Young, $ (200.00)
4/27/2026,42,PLO,Tarek, $ (200.00)
4/27/2026,42,PLO,Shaun, $ (271.50)
4/28/2026,43,NL,Ww," $ 1,530.36 "
4/28/2026,43,NL,Andrew, $ 529.13 
4/28/2026,43,NL,Young, $ 493.07 
4/28/2026,43,NL,Hiro, $ 442.62 
4/28/2026,43,NL,Mc, $ 340.00 
4/28/2026,43,NL,Mikul, $ 222.70 
4/28/2026,43,NL,Zheng, $ 180.00 
4/28/2026,43,NL,Lucki, $ 138.00 
4/28/2026,43,NL,SamC, $ 83.00 
4/28/2026,43,NL,Akshay, $ 40.00 
4/28/2026,43,NL,RichardZ, $ 38.00 
4/28/2026,43,NL,KQ, $ 31.00 
4/28/2026,43,NL,Egg, $ 0.62 
4/28/2026,43,NL,YN, $ (10.00)
4/28/2026,43,NL,Shaun, $ (242.50)
4/28/2026,43,NL,Sherry, $ (354.00)
4/28/2026,43,NL,JJ, $ (543.00)
4/28/2026,43,NL,Sanjay, $ (750.00)
4/28/2026,43,NL,Rach, $ (769.00)
4/28/2026,43,NL,Bingo Brian," $ (1,400.00)"
4/28/2026,44,PLO,Andrew, $ 655.61 
4/28/2026,44,PLO,Young, $ 585.00 
4/28/2026,44,PLO,Rach, $ 266.32 
4/28/2026,44,PLO,Tarek, $ 227.32 
4/28/2026,44,PLO,Zheng, $ 108.25 
4/28/2026,44,PLO,Sanjay, $ 74.75 
4/28/2026,44,PLO,KQ, $ 8.25 
4/28/2026,44,PLO,Egg, $ (6.00)
4/28/2026,44,PLO,JJ, $ (72.50)
4/28/2026,44,PLO,Hiro, $ (150.00)
4/28/2026,44,PLO,Hu, $ (297.00)
4/28/2026,44,PLO,JZ, $ (400.00)
4/28/2026,44,PLO,SamC," $ (1,000.00)"
4/28/2026,45,PLO,Rach, $ 188.00 
4/28/2026,45,PLO,Andrew, $ (87.20)
4/28/2026,45,PLO,Bingo Brian, $ (100.80)
4/29/2026,46,NL,Tarek, $ 624.54 
4/29/2026,46,NL,3betChet, $ 561.86 
4/29/2026,46,NL,Bingo Brian, $ 379.23 
4/29/2026,46,NL,JH, $ 329.27 
4/29/2026,46,NL,Mc, $ 278.74 
4/29/2026,46,NL,Will X, $ 268.25 
4/29/2026,46,NL,Andrew, $ 235.34 
4/29/2026,46,NL,KQ, $ 235.01 
4/29/2026,46,NL,JZ, $ 182.93 
4/29/2026,46,NL,PaulB, $ 181.77 
4/29/2026,46,NL,Ena, $ 95.00 
4/29/2026,46,NL,Shiv, $ 65.00 
4/29/2026,46,NL,Akshay, $ 32.50 
4/29/2026,46,NL,Hiro, $ 10.75 
4/29/2026,46,NL,Egg, $ 9.63 
4/29/2026,46,NL,Draco, $ 6.75 
4/29/2026,46,NL,Neal, $ (2.00)
4/29/2026,46,NL,Lucki, $ (16.25)
4/29/2026,46,NL,Saswoot, $ (18.37)
4/29/2026,46,NL,JJ, $ (23.62)
4/29/2026,46,NL,Colin, $ (49.00)
4/29/2026,46,NL,Sanjay, $ (107.00)
4/29/2026,46,NL,Hu, $ (119.74)
4/29/2026,46,NL,Arjun, $ (131.20)
4/29/2026,46,NL,Zheng, $ (142.54)
4/29/2026,46,NL,Ww, $ (413.77)
4/29/2026,46,NL,GB, $ (423.67)
4/29/2026,46,NL,Rach, $ (498.42)
4/29/2026,46,NL,YN, $ (550.99)
4/29/2026,46,NL,Young," $ (1,000.00)"
4/29/2026,47,PLO,Hiro," $ 1,106.25 "
4/29/2026,47,PLO,Andrew, $ 708.94 
4/29/2026,47,PLO,Young, $ 400.00 
4/29/2026,47,PLO,Ena, $ 165.94 
4/29/2026,47,PLO,Mikul, $ 109.00 
4/29/2026,47,PLO,Lucki, $ 61.39 
4/29/2026,47,PLO,Egg, $ 17.50 
4/29/2026,47,PLO,Bingo Brian, $ 9.00 
4/29/2026,47,PLO,Sanjay, $ (100.00)
4/29/2026,47,PLO,JJ, $ (200.00)
4/29/2026,47,PLO,Tarek, $ (500.00)
4/29/2026,47,PLO,Ww, $ (624.02)
4/29/2026,47,PLO,Rach," $ (1,154.00)"
4/30/2026,48,NL,Andrew, $ 461.67 
4/30/2026,48,NL,Arjun, $ 449.80 
4/30/2026,48,NL,Jamie, $ 440.14 
4/30/2026,48,NL,JZ, $ 253.60 
4/30/2026,48,NL,Will X, $ 212.19 
4/30/2026,48,NL,Draco, $ 210.87 
4/30/2026,48,NL,KQ, $ 207.48 
4/30/2026,48,NL,YN, $ 197.25 
4/30/2026,48,NL,Young, $ 168.12 
4/30/2026,48,NL,Mc, $ 106.50 
4/30/2026,48,NL,Zheng, $ 54.64 
4/30/2026,48,NL,Jesse, $ 24.50 
4/30/2026,48,NL,3betChet, $ 18.88 
4/30/2026,48,NL,Shiv, $ 6.88 
4/30/2026,48,NL,Rach, $ 5.50 
4/30/2026,48,NL,PaulB, $ (1.50)
4/30/2026,48,NL,JJ, $ (18.62)
4/30/2026,48,NL,Saswoot, $ (100.50)
4/30/2026,48,NL,Colin, $ (150.00)
4/30/2026,48,NL,Shaun, $ (182.05)
4/30/2026,48,NL,Hu, $ (208.68)
4/30/2026,48,NL,Sanjay, $ (222.48)
4/30/2026,48,NL,RichardZ, $ (528.00)
4/30/2026,48,NL,Ww, $ (695.17)
4/30/2026,48,NL,GB, $ (711.02)
4/30/2026,49,PLO,Lucki, $ 769.75 
4/30/2026,49,PLO,Tarek, $ 727.13 
4/30/2026,49,PLO,Andrew, $ 264.75 
4/30/2026,49,PLO,Young, $ 161.25 
4/30/2026,49,PLO,Sanjay, $ (44.00)
4/30/2026,49,PLO,Shaun, $ (74.25)
4/30/2026,49,PLO,Rach, $ (210.75)
4/30/2026,49,PLO,Hiro, $ (594.25)
4/30/2026,49,PLO,Egg, $ (999.63)
5/1/2026,50,NL,Bingo Brian," $ 1,424.33 "
5/1/2026,50,NL,JZ," $ 1,246.50 "
5/1/2026,50,NL,Andrew, $ 821.71 
5/1/2026,50,NL,Zheng, $ 784.02 
5/1/2026,50,NL,Hu, $ 683.28 
5/1/2026,50,NL,Arjun, $ 468.87 
5/1/2026,50,NL,YN, $ 454.17 
5/1/2026,50,NL,Rach, $ 441.11 
5/1/2026,50,NL,Hiro, $ 250.41 
5/1/2026,50,NL,Young, $ 186.05 
5/1/2026,50,NL,Will X, $ 129.00 
5/1/2026,50,NL,3betChet, $ 119.43 
5/1/2026,50,NL,Jamie, $ 100.06 
5/1/2026,50,NL,HY, $ 72.04 
5/1/2026,50,NL,Mikul, $ 68.75 
5/1/2026,50,NL,Lucki, $ 23.02 
5/1/2026,50,NL,Mc, $ 17.50 
5/1/2026,50,NL,GB, $ 0.57 
5/1/2026,50,NL,Shiv, $ - 
5/1/2026,50,NL,JJ, $ (100.00)
5/1/2026,50,NL,Ena, $ (200.00)
5/1/2026,50,NL,Shaun, $ (369.17)
5/1/2026,50,NL,Tarek, $ (909.25)
5/1/2026,50,NL,Egg," $ (1,007.64)"
5/1/2026,50,NL,Ww," $ (1,500.00)"
5/1/2026,50,NL,RichardZ," $ (3,204.76)"
5/1/2026,51,PLO,Ena, $ 55.00 
5/1/2026,51,PLO,Andrew, $ (55.00)
5/1/2026,52,PLO,Andrew, $ 219.75 
5/1/2026,52,PLO,Rach, $ 91.75 
5/1/2026,52,PLO,Mikul, $ 57.00 
5/1/2026,52,PLO,Young, $ (50.00)
5/1/2026,52,PLO,JJ, $ (101.00)
5/1/2026,52,PLO,Egg, $ (217.50)
5/1/2026,53,PLO,Young, $ 678.25 
5/1/2026,53,PLO,Hiro, $ 522.50 
5/1/2026,53,PLO,YN, $ 113.00 
5/1/2026,53,PLO,Rach, $ 13.25 
5/1/2026,53,PLO,Andrew," $ (1,327.00)"
5/2/2026,54,NL,RichardZ, $ 555.50 
5/2/2026,54,NL,Saswoot, $ 293.13 
5/2/2026,54,NL,Zheng, $ 139.64 
5/2/2026,54,NL,HY, $ 133.85 
5/2/2026,54,NL,Hu, $ 84.00 
5/2/2026,54,NL,Arjun, $ 48.10 
5/2/2026,54,NL,YN, $ (129.50)
5/2/2026,54,NL,Hiro, $ (521.22)
5/2/2026,54,NL,JZ, $ (603.50)
5/2/2026,55,PLO,JJ, $ 214.75 
5/2/2026,55,PLO,Young, $ 177.00 
5/2/2026,55,PLO,Lucki, $ 134.21 
5/2/2026,55,PLO,Tarek, $ 10.00 
5/2/2026,55,PLO,Rach, $ - 
5/2/2026,55,PLO,Sanjay, $ (100.00)
5/2/2026,55,PLO,Hiro, $ (201.50)
5/2/2026,55,PLO,Andrew, $ (234.46)
5/2/2026,56,NL,HY," $ 1,103.03 "
5/2/2026,56,NL,Zheng, $ 473.92 
5/2/2026,56,NL,Mc, $ 328.25 
5/2/2026,56,NL,RichardZ, $ 273.00 
5/2/2026,56,NL,Jamie, $ 271.25 
5/2/2026,56,NL,Shaun, $ 175.80 
5/2/2026,56,NL,Akshay, $ 159.37 
5/2/2026,56,NL,Rach, $ 113.00 
5/2/2026,56,NL,Arjun, $ 43.00 
5/2/2026,56,NL,JZ, $ (32.50)
5/2/2026,56,NL,Tarek, $ (35.00)
5/2/2026,56,NL,Hu, $ (86.00)
5/2/2026,56,NL,Saswoot, $ (190.50)
5/2/2026,56,NL,YN, $ (253.75)
5/2/2026,56,NL,KQ, $ (332.00)
5/2/2026,56,NL,Hiro, $ (611.87)
5/2/2026,56,NL,Andrew," $ (1,399.00)"
5/2/2026,57,NL,Andrew," $ 1,477.36 "
5/2/2026,57,NL,Hiro, $ 715.78 
5/2/2026,57,NL,Arjun, $ 400.27 
5/2/2026,57,NL,Jamie, $ 261.86 
5/2/2026,57,NL,Heezy, $ 56.24 
5/2/2026,57,NL,Will X, $ (33.01)
5/2/2026,57,NL,Egg, $ (39.00)
5/2/2026,57,NL,Sanjay, $ (100.00)
5/2/2026,57,NL,Saswoot, $ (189.50)
5/2/2026,57,NL,Rach," $ (2,550.00)"
5/3/2026,58,NL,Hiro, $ 898.44 
5/3/2026,58,NL,JZ, $ 444.23 
5/3/2026,58,NL,Hu, $ 399.38 
5/3/2026,58,NL,Ww, $ 350.56 
5/3/2026,58,NL,Zheng, $ 307.33 
5/3/2026,58,NL,RichardZ, $ 283.75 
5/3/2026,58,NL,HY, $ 156.22 
5/3/2026,58,NL,Draco, $ 153.72 
5/3/2026,58,NL,YN, $ 93.89 
5/3/2026,58,NL,Alai, $ 93.32 
5/3/2026,58,NL,Jamie, $ 11.89 
5/3/2026,58,NL,Tarek, $ 11.11 
5/3/2026,58,NL,Akshay, $ (3.50)
5/3/2026,58,NL,JJ, $ (47.80)
5/3/2026,58,NL,Shaun, $ (186.80)
5/3/2026,58,NL,Young, $ (215.33)
5/3/2026,58,NL,Arjun, $ (276.40)
5/3/2026,58,NL,Egg, $ (326.21)
5/3/2026,58,NL,3betChet, $ (400.00)
5/3/2026,58,NL,Andrew, $ (454.75)
5/3/2026,58,NL,Lucki, $ (553.55)
5/3/2026,58,NL,Will X, $ (739.50)
5/3/2026,59,PLO,Andrew," $ 2,534.54 "
5/3/2026,59,PLO,Shaun, $ 348.42 
5/3/2026,59,PLO,Hiro, $ 213.50 
5/3/2026,59,PLO,GB, $ 49.54 
5/3/2026,59,PLO,Egg, $ (250.00)
5/3/2026,59,PLO,Tarek, $ (608.00)
5/3/2026,59,PLO,Lucki," $ (2,288.00)"
5/3/2026,60,PLO,Young, $ 486.50 
5/3/2026,60,PLO,JJ, $ (31.25)
5/3/2026,60,PLO,Andrew, $ (55.25)
5/3/2026,60,PLO,Tarek, $ (200.00)
5/3/2026,60,PLO,Lucki, $ (200.00)
5/4/2026,61,NL,Andrew," $ 1,626.67 "
5/4/2026,61,NL,Mc, $ 936.98 
5/4/2026,61,NL,Hiro, $ 740.59 
5/4/2026,61,NL,Young, $ 456.31 
5/4/2026,61,NL,Shaun, $ 368.61 
5/4/2026,61,NL,Zheng, $ 315.13 
5/4/2026,61,NL,Sherry, $ 271.00 
5/4/2026,61,NL,Arjun, $ 243.47 
5/4/2026,61,NL,Egg, $ 184.26 
5/4/2026,61,NL,Ww, $ 150.88 
5/4/2026,61,NL,Will X, $ 79.35 
5/4/2026,61,NL,Shiv, $ 29.82 
5/4/2026,61,NL,Mikul, $ 26.46 
5/4/2026,61,NL,Jamie, $ 8.33 
5/4/2026,61,NL,Tarek, $ 4.70 
5/4/2026,61,NL,Colin, $ (16.25)
5/4/2026,61,NL,Draco, $ (20.73)
5/4/2026,61,NL,HY, $ (43.95)
5/4/2026,61,NL,Uz, $ (228.89)
5/4/2026,61,NL,JH, $ (300.00)
5/4/2026,61,NL,Hu, $ (385.91)
5/4/2026,61,NL,JZ, $ (421.75)
5/4/2026,61,NL,YN, $ (769.57)
5/4/2026,61,NL,RichardZ, $ (886.46)
5/4/2026,61,NL,Ena," $ (1,023.72)"
5/4/2026,61,NL,GB," $ (1,345.33)"
5/4/2026,62,PLO,Andrew, $ 74.00 
5/4/2026,62,PLO,Ena, $ (74.00)
5/4/2026,63,PLO,GB, $ 228.60 
5/4/2026,63,PLO,Shaun, $ 170.98 
5/4/2026,63,PLO,Tarek, $ 110.84 
5/4/2026,63,PLO,Young, $ 100.87 
5/4/2026,63,PLO,Sanjay, $ 68.50 
5/4/2026,63,PLO,Egg, $ 38.75 
5/4/2026,63,PLO,Andrew, $ 33.78 
5/4/2026,63,PLO,Ww, $ 24.13 
5/4/2026,63,PLO,Hiro, $ (78.88)
5/4/2026,63,PLO,Jesse, $ (109.75)
5/4/2026,63,PLO,Simon Chen, $ (119.63)
5/4/2026,63,PLO,Ena, $ (468.19)